{
    "$schema": "https://schema.management.azure.com/schemas/2019-04-01/deploymentTemplate.json#",
    "contentVersion": "1.0.0.0",
    "parameters": {
        "factoryName": {
            "type": "string",
            "defaultValue": "adxdlhouse-adf"
        },
        "sqlLinkedService": {
            "type": "string",
            "defaultValue": "SqlServerLinkedService"
        },
        "ADXLinkedService": {
            "type": "string",
            "defaultValue": "KustoClusterLinkedService"
        }
    },
    "variables": { "factoryId": "[concat('Microsoft.DataFactory/factories/', parameters('factoryName'))]" },
    "resources": [
        {
            "name": "[concat(parameters('factoryName'), '/SQLToADX_products')]",
            "type": "Microsoft.DataFactory/factories/pipelines",
            "apiVersion": "2018-06-01",
            "properties": {
                "activities": [
                    {
                        "name": "Data flow1",
                        "type": "ExecuteDataFlow",
                        "dependsOn": [],
                        "policy": {
                            "timeout": "0.12:00:00",
                            "retry": 0,
                            "retryIntervalInSeconds": 30,
                            "secureOutput": false,
                            "secureInput": false
                        },
                        "userProperties": [],
                        "typeProperties": {
                            "dataflow": {
                                "referenceName": "SQLToADX_products",
                                "type": "DataFlowReference",
                                "parameters": {},
                                "datasetParameters": {
                                    "source1": {},
                                    "sink1": {}
                                }
                            },
                            "staging": {},
                            "compute": {
                                "coreCount": 8,
                                "computeType": "General"
                            },
                            "traceLevel": "Fine",
                            "continuationSettings": { "customizedCheckpointKey": "a040763e-d772-4229-8834-642f43cc4c25" }
                        }
                    }
                ],
                "policy": {
                    "elapsedTimeMetric": {},
                    "cancelAfter": {}
                },
                "annotations": []
            },
            "dependsOn": [ "[concat(variables('factoryId'), '/dataflows/SQLToADX_products')]" ]
        },
        {
            "name": "[concat(parameters('factoryName'), '/SQLToADX_products')]",
            "type": "Microsoft.DataFactory/factories/dataflows",
            "apiVersion": "2018-06-01",
            "properties": {
                "type": "MappingDataFlow",
                "typeProperties": {
                    "sources": [
                        {
                            "linkedService": {
                                "referenceName": "[parameters('sqlLinkedService')]",
                                "type": "LinkedServiceReference"
                            },
                            "name": "source1"
                        }
                    ],
                    "sinks": [
                        {
                            "linkedService": {
                                "referenceName": "[parameters('ADXLinkedService')]",
                                "type": "LinkedServiceReference"
                            },
                            "name": "sink1"
                        }
                    ],
                    "transformations": [],
                    "scriptLines": [
                        "source(output(",
                        "          ProductID as integer,",
                        "          Name as string,",
                        "          ProductNumber as string,",
                        "          Color as string,",
                        "          StandardCost as decimal(19,4),",
                        "          ListPrice as decimal(19,4),",
                        "          Size as string,",
                        "          Weight as decimal(8,2),",
                        "          ProductCategoryID as integer,",
                        "          ProductModelID as integer,",
                        "          SellStartDate as timestamp,",
                        "          SellEndDate as timestamp,",
                        "          DiscontinuedDate as timestamp,",
                        "          ThumbNailPhoto as binary,",
                        "          ThumbnailPhotoFileName as string,",
                        "          rowguid as string,",
                        "          ModifiedDate as timestamp",
                        "     ),",
                        "     allowSchemaDrift: true,",
                        "     validateSchema: false,",
                        "     enableCdc: true,",
                        "     mode: 'read',",
                        "     skipInitialLoad: false,",
                        "     waterMarkColumn: 'ModifiedDate',",
                        "     format: 'table',",
                        "     store: 'sqlserver',",
                        "     schemaName: 'SalesLT',",
                        "     tableName: 'Product',",
                        "     isolationLevel: 'READ_UNCOMMITTED') ~> source1",
                        "source1 sink(allowSchemaDrift: true,",
                        "     validateSchema: false,",
                        "     format: 'table',",
                        "     tableName: 'bronzeProducts',",
                        "     store: 'azuredataexplorer',",
                        "     skipDuplicateMapInputs: true,",
                        "     skipDuplicateMapOutputs: true,",
                        "     mapColumn(",
                        "          ProductID,",
                        "          Name,",
                        "          ProductNumber,",
                        "          Color,",
                        "          StandardCost,",
                        "          ListPrice,",
                        "          Size,",
                        "          Weight,",
                        "          ProductCategoryID,",
                        "          ProductModelID,",
                        "          rowguid,",
                        "          ModifiedDate",
                        "     )) ~> sink1"
                    ]
                }
            },
            "dependsOn": []
        }
    ]
}